<?xml version="1.0" encoding="UTF-8"?>
<beans xmlns="http://www.springframework.org/schema/beans"
xmlns:xsi="http://www.w3.org/2001/XMLSchema-instance"
xsi:schemaLocation="http://www.springframework.org/schema/beans
http://www.springframework.org/schema/beans/spring-beans.xsd">

<!--
//depenedency injection
 dependency injection is possible in 2 ways 
using setter injection
using constructor way
-->
<bean id="restaurantBean" class="com.anudip.springdemo.Restaurant">
<property name="welcomeNote" value="Welcome to our Restaurant"></property>
<constructor-arg ref="coffe"></constructor-arg> <!-- injecting the bean to another bean --> 
</bean>

<bean id="tea" class="com.anudip.springdemo.Tea">
</bean>
<bean id="coffe" class="com.anudip.springdemo.Coffe"></bean>
</beans>